[
    {
      "title": "HTML",
      "imageSrc": "skills/html.png"
    },
    {
      "title": "CSS",
      "imageSrc": "skills/css.png"
    },
    {
      "title": "React",
      "imageSrc": "skills/react.png"
    },
    {
      "title": "Node",
      "imageSrc": "skills/node.png"
    },

    {
      "title": "MongoDB",
      "imageSrc": "skills/mongodb.png"
    }, 

    {
        "title": "Python",
        "imageSrc": "skills/python.png"
      }, 

      {
        "title": "Flutter",
        "imageSrc": "skills/flutter.png"
      },
      {
        "title": "FastAPI",
        "imageSrc": "skills/fastapi.png"
      },
      {
        "title": "Express JS",
        "imageSrc": "skills/express.png"
      }

  ]